gamma,n_queries,mean_spearman_vs_default,top1_match_rate
0.5,210,0.8413275613275615,0.6238095238095238
0.65,210,1.0,1.0
0.8,210,0.8543722943722943,0.6571428571428571
