method,corpus_coverage_all,corpus_coverage_backbone,corpus_mbfc_ht_backbone_rate,corpus_mbfc_ht_cite_rate_all,corpus_total_cites_all,corpus_total_cites_backbone,corpus_total_mapped_all,corpus_total_mapped_backbone,mbfc_avg_factual_all_mean_perq,mbfc_avg_factual_all_n_perq,mbfc_avg_factual_backbone_mean_perq,mbfc_avg_factual_backbone_n_perq,mbfc_coverage_all_mean_perq,mbfc_coverage_all_n_perq,mbfc_coverage_backbone_mean_perq,mbfc_coverage_backbone_n_perq,mbfc_ht_backbone_rate_mean_perq,mbfc_ht_backbone_rate_n_perq,mbfc_ht_cite_rate_mean_perq,mbfc_ht_cite_rate_n_perq,n_queries
grag,0.8956999085086916,0.9150943396226415,0.3333333333333333,0.35240040858018384,1093,636,979,582,3.1447747394983576,199,3.0791935869825315,199,0.8964483571983572,200,0.91425,200,0.3227765813192949,199,0.34488495870405417,199,210
graph_retrieval,0.8929924242424242,0.891846921797005,0.3041044776119403,0.3552492046659597,1056,601,943,536,3.1461270619358856,204,3.0788398692810457,204,0.8852541982976766,207,0.8864734299516908,207,0.29820261437908496,204,0.34182812013694364,204,210
mmr_rag,0.8761467889908257,0.867430441898527,0.2849056603773585,0.33612565445026177,1090,611,955,530,3.100857843137255,204,2.9997536945812806,203,0.8748974061169184,205,0.8668989547038327,205,0.26715927750410506,203,0.32826797385620915,204,210
r2ag,0.900497512437811,0.8945578231292517,0.34980988593155893,0.35497237569060774,804,588,724,526,3.133986928104575,204,3.122140522875817,204,0.8948046694405918,206,0.8938511326860842,206,0.32802287581699346,204,0.33423202614379083,204,210
reclaim,0.9057539682539683,0.904487917146145,0.3791348600508906,0.3778751369112815,1008,869,913,786,3.1939181418141813,202,3.204046833254754,202,0.898501309909077,206,0.8989886731391585,206,0.3581074178846456,202,0.35194608746588946,202,210
trustrag_anchor,0.9334845049130763,0.9389799635701275,0.4267701260911736,0.4251012145748988,1323,1098,1235,1031,3.364772951915809,210,3.358690476190476,210,0.9308329897615611,210,0.9321466364323507,210,0.4139625850340136,210,0.42281498924356065,210,210
vanilla_rag,0.8911290322580645,0.890625,0.3508771929824561,0.38235294117647056,992,576,884,513,3.2117523852598477,201,3.1475953565505805,201,0.8893697708968645,203,0.8883415435139573,203,0.34635157545605305,201,0.37900935438248873,201,210
