method,corpus_coverage_all,corpus_coverage_backbone,corpus_mbfc_ht_backbone_rate,corpus_mbfc_ht_cite_rate_all,corpus_total_cites_all,corpus_total_cites_backbone,corpus_total_mapped_all,corpus_total_mapped_backbone,mbfc_avg_factual_all_mean_perq,mbfc_avg_factual_all_n_perq,mbfc_avg_factual_backbone_mean_perq,mbfc_avg_factual_backbone_n_perq,mbfc_coverage_all_mean_perq,mbfc_coverage_all_n_perq,mbfc_coverage_backbone_mean_perq,mbfc_coverage_backbone_n_perq,mbfc_ht_backbone_rate_mean_perq,mbfc_ht_backbone_rate_n_perq,mbfc_ht_cite_rate_mean_perq,mbfc_ht_cite_rate_n_perq,n_queries
grag,0.8868092691622104,0.9040247678018576,0.3424657534246575,0.35376884422110555,1122,646,995,584,3.146543265427159,199,3.1091828188561856,199,0.8865878565878565,200,0.9009861111111112,200,0.3295126425779692,199,0.34174001892198136,199,210
graph_retrieval,0.8734770384254921,0.8730964467005076,0.313953488372093,0.361587982832618,1067,591,932,516,3.1750337301587304,200,3.091666666666667,200,0.8705759861700456,202,0.8708745874587459,202,0.30541666666666667,200,0.35434126984126985,200,210
mmr_rag,0.8761467889908257,0.867430441898527,0.2849056603773585,0.33612565445026177,1090,611,955,530,3.100857843137255,204,2.9997536945812806,203,0.8748974061169184,205,0.8668989547038327,205,0.26715927750410506,203,0.32826797385620915,204,210
r2ag,0.900497512437811,0.8945578231292517,0.34980988593155893,0.35497237569060774,804,588,724,526,3.133986928104575,204,3.122140522875817,204,0.8948046694405918,206,0.8938511326860842,206,0.32802287581699346,204,0.33423202614379083,204,210
reclaim,0.9057539682539683,0.904487917146145,0.3791348600508906,0.3778751369112815,1008,869,913,786,3.1939181418141813,202,3.204046833254754,202,0.898501309909077,206,0.8989886731391585,206,0.3581074178846456,202,0.35194608746588946,202,210
trustrag_anchor,0.924314096499527,0.928345626975764,0.4767309875141884,0.47082906857727735,1057,949,977,881,3.4306490384615387,208,3.4345982142857143,208,0.9214002267573697,210,0.922108843537415,210,0.45567193223443225,208,0.4553628663003663,208,210
vanilla_rag,0.8911290322580645,0.890625,0.3508771929824561,0.38235294117647056,992,576,884,513,3.2117523852598477,201,3.1475953565505805,201,0.8893697708968645,203,0.8883415435139573,203,0.34635157545605305,201,0.37900935438248873,201,210
